RetainedRef	DuplicateRef
lcl|JAQAHW010000014.1_mrna_O0L34_g16510_8127	lcl|JAQAHW010000020.1_mrna_O0L34_g3819_10319
lcl|JAQAHW010000002.1_mrna_O0L34_g1400_1709	lcl|JAQAHW010000002.1_mrna_O0L34_g1401_1710
lcl|JAQAHW010000002.1_mrna_O0L34_g1400_1709	lcl|JAQAHW010000002.1_mrna_O0L34_g1402_1711
lcl|JAQAHW010000002.1_mrna_O0L34_g1400_1709	lcl|JAQAHW010000002.1_mrna_O0L34_g1404_1713
lcl|JAQAHW010000002.1_mrna_O0L34_g1400_1709	lcl|JAQAHW010000002.1_mrna_O0L34_g1405_1714
lcl|JAQAHW010000002.1_mrna_O0L34_g1400_1709	lcl|JAQAHW010000002.1_mrna_O0L34_g1406_1715
lcl|JAQAHW010000002.1_mrna_O0L34_g1400_1709	lcl|JAQAHW010000002.1_mrna_O0L34_g1407_1716
lcl|JAQAHW010000007.1_mrna_O0L34_g8646_4215	lcl|JAQAHW010000007.1_mrna_O0L34_g8646_4216
lcl|JAQAHW010000006.1_mrna_O0L34_g5691_4087	lcl|JAQAHW010000020.1_mrna_O0L34_g4033_10523
lcl|JAQAHW010000043.1_mrna_O0L34_g14278_15271	lcl|JAQAHW010000043.1_mrna_O0L34_g14279_15272
lcl|JAQAHW010000021.1_mrna_O0L34_g18118_10638	lcl|JAQAHW010000021.1_mrna_O0L34_g18118_10639
lcl|JAQAHW010000006.1_mrna_O0L34_g5578_3983	lcl|JAQAHW010000006.1_mrna_O0L34_g5578_3984
lcl|JAQAHW010000028.1_mrna_O0L34_g15864_12615	lcl|JAQAHW010000028.1_mrna_O0L34_g15865_12616
lcl|JAQAHW010000028.1_mrna_O0L34_g16113_12803	lcl|JAQAHW010000028.1_mrna_O0L34_g16118_12808
lcl|JAQAHW010000028.1_mrna_O0L34_g16113_12803	lcl|JAQAHW010000030.1_mrna_O0L34_g10775_13290
lcl|JAQAHW010000028.1_mrna_O0L34_g16113_12803	lcl|JAQAHW010000030.1_mrna_O0L34_g10789_13304
lcl|JAQAHW010000011.1_mrna_O0L34_g7459_6161	lcl|JAQAHW010000023.1_mrna_O0L34_g16748_11379
lcl|JAQAHW010000008.1_mrna_O0L34_g11224_4781	lcl|JAQAHW010000027.1_mrna_O0L34_g2153_12425
lcl|JAQAHW010000004.1_mrna_O0L34_g4246_2709	lcl|JAQAHW010000065.1_mrna_O0L34_g17803_17128
lcl|JAQAHW010000009.1_mrna_O0L34_g15416_5365	lcl|JAQAHW010000089.1_mrna_O0L34_g17648_17651
lcl|JAQAHW010000041.1_mrna_O0L34_g6689_15113	lcl|JAQAHW010000044.1_mrna_O0L34_g6371_15490
lcl|JAQAHW010000031.1_mrna_O0L34_g14666_13464	lcl|JAQAHW010000036.1_mrna_O0L34_g14828_14294
lcl|JAQAHW010000017.1_mrna_O0L34_g393_9424	lcl|JAQAHW010000038.1_mrna_O0L34_g35_14551
lcl|JAQAHW010000028.1_mrna_O0L34_g15725_12483	lcl|JAQAHW010000030.1_mrna_O0L34_g10681_13201
lcl|JAQAHW010000015.1_mrna_O0L34_g12426_8323	lcl|JAQAHW010000015.1_mrna_O0L34_g12432_8328
lcl|JAQAHW010000004.1_mrna_O0L34_g4256_2719	lcl|JAQAHW010000004.1_mrna_O0L34_g4256_2720
lcl|JAQAHW010000013.1_mrna_O0L34_g17139_7477	lcl|JAQAHW010000035.1_mrna_O0L34_g10123_14076
lcl|JAQAHW010000002.1_mrna_O0L34_g726_1090	lcl|JAQAHW010000029.1_mrna_O0L34_g10925_12837
lcl|JAQAHW010000015.1_mrna_O0L34_g12337_8236	lcl|JAQAHW010000022.1_mrna_O0L34_g8114_10929
lcl|JAQAHW010000028.1_mrna_O0L34_g15917_12665	lcl|JAQAHW010000030.1_mrna_O0L34_g10502_13027
lcl|JAQAHW010000028.1_mrna_O0L34_g16110_12800	lcl|JAQAHW010000028.1_mrna_O0L34_g16115_12805
lcl|JAQAHW010000028.1_mrna_O0L34_g16110_12800	lcl|JAQAHW010000028.1_mrna_O0L34_g16120_12810
lcl|JAQAHW010000016.1_mrna_O0L34_g4777_8828	lcl|JAQAHW010000016.1_mrna_O0L34_g4777_8829
lcl|JAQAHW010000016.1_mrna_O0L34_g4777_8828	lcl|JAQAHW010000016.1_mrna_O0L34_g4777_8830
lcl|JAQAHW010000030.1_mrna_O0L34_g10777_13292	lcl|JAQAHW010000030.1_mrna_O0L34_g10784_13299
lcl|JAQAHW010000030.1_mrna_O0L34_g10777_13292	lcl|JAQAHW010000030.1_mrna_O0L34_g10786_13301
lcl|JAQAHW010000030.1_mrna_O0L34_g10777_13292	lcl|JAQAHW010000030.1_mrna_O0L34_g10790_13305
lcl|JAQAHW010000001.1_mrna_O0L34_g2232_40	lcl|JAQAHW010000001.1_mrna_O0L34_g2232_41
lcl|JAQAHW010000001.1_mrna_O0L34_g2232_40	lcl|JAQAHW010000001.1_mrna_O0L34_g2232_42
lcl|JAQAHW010000030.1_mrna_O0L34_g10797_13312	lcl|JAQAHW010000030.1_mrna_O0L34_g10802_13317
lcl|JAQAHW010000065.1_mrna_O0L34_g17813_17136	lcl|JAQAHW010000069.1_mrna_O0L34_g17840_17255
lcl|JAQAHW010000010.1_mrna_O0L34_g5748_5645	lcl|JAQAHW010000035.1_mrna_O0L34_g10041_14007
lcl|JAQAHW010000005.1_mrna_O0L34_g13733_3360	lcl|JAQAHW010000005.1_mrna_O0L34_g13734_3361
lcl|JAQAHW010000015.1_mrna_O0L34_g12424_8321	lcl|JAQAHW010000015.1_mrna_O0L34_g12430_8326
lcl|JAQAHW010000026.1_mrna_O0L34_g15218_12234	lcl|JAQAHW010000031.1_mrna_O0L34_g14711_13508
lcl|JAQAHW010000041.1_mrna_O0L34_g6554_14986	lcl|JAQAHW010000041.1_mrna_O0L34_g6554_14987
lcl|JAQAHW010000013.1_mrna_O0L34_g17091_7463	lcl|JAQAHW010000013.1_mrna_O0L34_g17092_7464
lcl|JAQAHW010000002.1_mrna_O0L34_g1559_1859	lcl|JAQAHW010000027.1_mrna_O0L34_g2186_12458
lcl|JAQAHW010000005.1_mrna_O0L34_g13703_3333	lcl|JAQAHW010000013.1_mrna_O0L34_g17086_7462
lcl|JAQAHW010000042.1_mrna_O0L34_g17931_15147	lcl|JAQAHW010000042.1_mrna_O0L34_g17931_15148
lcl|JAQAHW010000015.1_mrna_O0L34_g12372_8270	lcl|JAQAHW010000022.1_mrna_O0L34_g8082_10897
lcl|JAQAHW010000004.1_mrna_O0L34_g4110_2592	lcl|JAQAHW010000031.1_mrna_O0L34_g14620_13423
lcl|JAQAHW010000015.1_mrna_O0L34_g12330_8229	lcl|JAQAHW010000022.1_mrna_O0L34_g8121_10936
lcl|JAQAHW010000038.1_mrna_O0L34_g78_14590	lcl|JAQAHW010000038.1_mrna_O0L34_g79_14591
lcl|JAQAHW010000038.1_mrna_O0L34_g78_14590	lcl|JAQAHW010000038.1_mrna_O0L34_g82_14594
lcl|JAQAHW010000028.1_mrna_O0L34_g16112_12802	lcl|JAQAHW010000028.1_mrna_O0L34_g16117_12807
lcl|JAQAHW010000028.1_mrna_O0L34_g16112_12802	lcl|JAQAHW010000028.1_mrna_O0L34_g16122_12812
lcl|JAQAHW010000009.1_mrna_O0L34_g15348_5302	lcl|JAQAHW010000061.1_mrna_O0L34_g19415_16917
lcl|JAQAHW010000002.1_mrna_O0L34_g752_1115	lcl|JAQAHW010000029.1_mrna_O0L34_g10901_12813
lcl|JAQAHW010000013.1_mrna_O0L34_g17021_7410	lcl|JAQAHW010000013.1_mrna_O0L34_g17021_7411
lcl|JAQAHW010000037.1_mrna_O0L34_g6552_14517	lcl|JAQAHW010000110.1_mrna_O0L34_g19510_17833
lcl|JAQAHW010000014.1_mrna_O0L34_g16411_8041	lcl|JAQAHW010000014.1_mrna_O0L34_g16411_8042
lcl|JAQAHW010000008.1_mrna_O0L34_g11280_4832	lcl|JAQAHW010000008.1_mrna_O0L34_g11280_4833
lcl|JAQAHW010000030.1_mrna_O0L34_g10798_13313	lcl|JAQAHW010000030.1_mrna_O0L34_g10803_13318
lcl|JAQAHW010000022.1_mrna_O0L34_g8363_11168	lcl|JAQAHW010000022.1_mrna_O0L34_g8365_11170
lcl|JAQAHW010000041.1_mrna_O0L34_g6693_15116	lcl|JAQAHW010000041.1_mrna_O0L34_g6694_15117
lcl|JAQAHW010000041.1_mrna_O0L34_g6693_15116	lcl|JAQAHW010000044.1_mrna_O0L34_g6367_15486
lcl|JAQAHW010000106.1_mrna_O0L34_g19292_17797	lcl|JAQAHW010000106.1_mrna_O0L34_g19294_17798
lcl|JAQAHW010000018.1_mrna_O0L34_g9369_9870	lcl|JAQAHW010000051.1_mrna_O0L34_g18474_16166
lcl|JAQAHW010000064.1_mrna_O0L34_g18724_17112	lcl|JAQAHW010000077.1_mrna_O0L34_g18646_17433
lcl|JAQAHW010000015.1_mrna_O0L34_g12858_8730	lcl|JAQAHW010000062.1_mrna_O0L34_g14480_16963
lcl|JAQAHW010000015.1_mrna_O0L34_g12858_8730	lcl|JAQAHW010000077.1_mrna_O0L34_g18636_17423
lcl|JAQAHW010000030.1_mrna_O0L34_g10773_13288	lcl|JAQAHW010000030.1_mrna_O0L34_g10778_13293
lcl|JAQAHW010000030.1_mrna_O0L34_g10773_13288	lcl|JAQAHW010000030.1_mrna_O0L34_g10785_13300
lcl|JAQAHW010000030.1_mrna_O0L34_g10773_13288	lcl|JAQAHW010000030.1_mrna_O0L34_g10791_13306
lcl|JAQAHW010000028.1_mrna_O0L34_g16109_12799	lcl|JAQAHW010000028.1_mrna_O0L34_g16114_12804
lcl|JAQAHW010000028.1_mrna_O0L34_g16109_12799	lcl|JAQAHW010000028.1_mrna_O0L34_g16119_12809
lcl|JAQAHW010000031.1_mrna_O0L34_g14571_13381	lcl|JAQAHW010000031.1_mrna_O0L34_g14572_13382
lcl|JAQAHW010000008.1_mrna_O0L34_g11099_4660	lcl|JAQAHW010000008.1_mrna_O0L34_g11099_4661
lcl|JAQAHW010000032.1_mrna_O0L34_g3418_13518	lcl|JAQAHW010000050.1_mrna_O0L34_g17787_16102
lcl|JAQAHW010000016.1_mrna_O0L34_g4912_8951	lcl|JAQAHW010000062.1_mrna_O0L34_g14449_16932
lcl|JAQAHW010000004.1_mrna_O0L34_g4161_2634	lcl|JAQAHW010000006.1_mrna_O0L34_g5359_3781
lcl|JAQAHW010000030.1_mrna_O0L34_g10799_13314	lcl|JAQAHW010000030.1_mrna_O0L34_g10804_13319
lcl|JAQAHW010000022.1_mrna_O0L34_g8223_11034	lcl|JAQAHW010000022.1_mrna_O0L34_g8223_11035
lcl|JAQAHW010000022.1_mrna_O0L34_g8223_11034	lcl|JAQAHW010000022.1_mrna_O0L34_g8223_11036
lcl|JAQAHW010000022.1_mrna_O0L34_g8223_11034	lcl|JAQAHW010000022.1_mrna_O0L34_g8223_11037
lcl|JAQAHW010000022.1_mrna_O0L34_g8223_11034	lcl|JAQAHW010000022.1_mrna_O0L34_g8223_11038
lcl|JAQAHW010000041.1_mrna_O0L34_g6691_15115	lcl|JAQAHW010000044.1_mrna_O0L34_g6365_15485
lcl|JAQAHW010000008.1_mrna_O0L34_g11229_4786	lcl|JAQAHW010000027.1_mrna_O0L34_g2158_12430
lcl|JAQAHW010000029.1_mrna_O0L34_g11036_12948	lcl|JAQAHW010000029.1_mrna_O0L34_g11040_12952
lcl|JAQAHW010000008.1_mrna_O0L34_g11630_5143	lcl|JAQAHW010000048.1_mrna_O0L34_g10281_15908
lcl|JAQAHW010000002.1_mrna_O0L34_g864_1215	lcl|JAQAHW010000019.1_mrna_O0L34_g1640_9948
lcl|JAQAHW010000009.1_mrna_O0L34_g15482_5436	lcl|JAQAHW010000009.1_mrna_O0L34_g15483_5437
lcl|JAQAHW010000035.1_mrna_O0L34_g10125_14078	lcl|JAQAHW010000035.1_mrna_O0L34_g10125_14079
lcl|JAQAHW010000015.1_mrna_O0L34_g12428_8325	lcl|JAQAHW010000015.1_mrna_O0L34_g12434_8330
lcl|JAQAHW010000065.1_mrna_O0L34_g17818_17140	lcl|JAQAHW010000069.1_mrna_O0L34_g17845_17259
lcl|JAQAHW010000016.1_mrna_O0L34_g4922_8961	lcl|JAQAHW010000016.1_mrna_O0L34_g4927_8966
lcl|JAQAHW010000010.1_mrna_O0L34_g5819_5715	lcl|JAQAHW010000035.1_mrna_O0L34_g10066_14031
lcl|JAQAHW010000008.1_mrna_O0L34_g11226_4783	lcl|JAQAHW010000027.1_mrna_O0L34_g2155_12427
lcl|JAQAHW010000031.1_mrna_O0L34_g14556_13365	lcl|JAQAHW010000049.1_mrna_O0L34_g19016_15987
lcl|JAQAHW010000012.1_mrna_O0L34_g9976_7244	lcl|JAQAHW010000012.1_mrna_O0L34_g9976_7245
lcl|JAQAHW010000004.1_mrna_O0L34_g4456_2903	lcl|JAQAHW010000023.1_mrna_O0L34_g16746_11377
lcl|JAQAHW010000016.1_mrna_O0L34_g5178_9199	lcl|JAQAHW010000064.1_mrna_O0L34_g18723_17111
lcl|JAQAHW010000008.1_mrna_O0L34_g11211_4767	lcl|JAQAHW010000027.1_mrna_O0L34_g2139_12410
lcl|JAQAHW010000015.1_mrna_O0L34_g12427_8324	lcl|JAQAHW010000015.1_mrna_O0L34_g12433_8329
lcl|JAQAHW010000017.1_mrna_O0L34_g453_9482	lcl|JAQAHW010000017.1_mrna_O0L34_g455_9483
lcl|JAQAHW010000011.1_mrna_O0L34_g7655_6345	lcl|JAQAHW010000035.1_mrna_O0L34_g10161_14114
lcl|JAQAHW010000030.1_mrna_O0L34_g10695_13216	lcl|JAQAHW010000030.1_mrna_O0L34_g10699_13219
lcl|JAQAHW010000018.1_mrna_O0L34_g9126_9649	lcl|JAQAHW010000018.1_mrna_O0L34_g9126_9650
lcl|JAQAHW010000018.1_mrna_O0L34_g9126_9649	lcl|JAQAHW010000018.1_mrna_O0L34_g9126_9651
lcl|JAQAHW010000018.1_mrna_O0L34_g9126_9649	lcl|JAQAHW010000018.1_mrna_O0L34_g9126_9652
lcl|JAQAHW010000012.1_mrna_O0L34_g9797_7082	lcl|JAQAHW010000012.1_mrna_O0L34_g9798_7083
lcl|JAQAHW010000002.1_mrna_O0L34_g1257_1581	lcl|JAQAHW010000002.1_mrna_O0L34_g1257_1582
lcl|JAQAHW010000002.1_mrna_O0L34_g779_1138	lcl|JAQAHW010000052.1_mrna_O0L34_g3399_16254
lcl|JAQAHW010000018.1_mrna_O0L34_g9391_9887	lcl|JAQAHW010000018.1_mrna_O0L34_g9393_9888
lcl|JAQAHW010000016.1_mrna_O0L34_g4841_8883	lcl|JAQAHW010000016.1_mrna_O0L34_g4995_9033
lcl|JAQAHW010000004.1_mrna_O0L34_g4177_2651	lcl|JAQAHW010000004.1_mrna_O0L34_g4177_2652
lcl|JAQAHW010000023.1_mrna_O0L34_g16717_11352	lcl|JAQAHW010000023.1_mrna_O0L34_g16717_11353
lcl|JAQAHW010000002.1_mrna_O0L34_g694_1064	lcl|JAQAHW010000002.1_mrna_O0L34_g696_1066
lcl|JAQAHW010000001.1_mrna_O0L34_g2601_364	lcl|JAQAHW010000001.1_mrna_O0L34_g2603_366
lcl|JAQAHW010000002.1_mrna_O0L34_g795_1154	lcl|JAQAHW010000052.1_mrna_O0L34_g3382_16238
lcl|JAQAHW010000014.1_mrna_O0L34_g16550_8163	lcl|JAQAHW010000057.1_mrna_O0L34_g17562_16699
lcl|JAQAHW010000030.1_mrna_O0L34_g10795_13310	lcl|JAQAHW010000030.1_mrna_O0L34_g10800_13315
lcl|JAQAHW010000030.1_mrna_O0L34_g10795_13310	lcl|JAQAHW010000030.1_mrna_O0L34_g10805_13320
lcl|JAQAHW010000059.1_mrna_O0L34_g3725_16856	lcl|JAQAHW010000059.1_mrna_O0L34_g3726_16857
lcl|JAQAHW010000059.1_mrna_O0L34_g3725_16856	lcl|JAQAHW010000059.1_mrna_O0L34_g3728_16859
lcl|JAQAHW010000016.1_mrna_O0L34_g5140_9162	lcl|JAQAHW010000051.1_mrna_O0L34_g18429_16127
lcl|JAQAHW010000013.1_mrna_O0L34_g17456_7758	lcl|JAQAHW010000045.1_mrna_O0L34_g10838_15536
lcl|JAQAHW010000055.1_mrna_O0L34_g12880_16505	lcl|JAQAHW010000055.1_mrna_O0L34_g12880_16506
lcl|JAQAHW010000030.1_mrna_O0L34_g10782_13297	lcl|JAQAHW010000030.1_mrna_O0L34_g10793_13308
lcl|JAQAHW010000050.1_mrna_O0L34_g17721_16040	lcl|JAQAHW010000050.1_mrna_O0L34_g17721_16041
lcl|JAQAHW010000007.1_mrna_O0L34_g8597_4168	lcl|JAQAHW010000052.1_mrna_O0L34_g3327_16194
lcl|JAQAHW010000019.1_mrna_O0L34_g1815_10115	lcl|JAQAHW010000019.1_mrna_O0L34_g1816_10116
lcl|JAQAHW010000045.1_mrna_O0L34_g10882_15578	lcl|JAQAHW010000045.1_mrna_O0L34_g10885_15581
lcl|JAQAHW010000008.1_mrna_O0L34_g11225_4782	lcl|JAQAHW010000027.1_mrna_O0L34_g2154_12426
lcl|JAQAHW010000004.1_mrna_O0L34_g4631_3072	lcl|JAQAHW010000048.1_mrna_O0L34_g10291_15918
lcl|JAQAHW010000019.1_mrna_O0L34_g1621_9928	lcl|JAQAHW010000019.1_mrna_O0L34_g1622_9929
lcl|JAQAHW010000056.1_mrna_O0L34_g13323_16666	lcl|JAQAHW010000056.1_mrna_O0L34_g13324_16667
lcl|JAQAHW010000056.1_mrna_O0L34_g13323_16666	lcl|JAQAHW010000056.1_mrna_O0L34_g13324_16668
lcl|JAQAHW010000056.1_mrna_O0L34_g13323_16666	lcl|JAQAHW010000056.1_mrna_O0L34_g13324_16669
lcl|JAQAHW010000056.1_mrna_O0L34_g13323_16666	lcl|JAQAHW010000056.1_mrna_O0L34_g13325_16670
lcl|JAQAHW010000056.1_mrna_O0L34_g13323_16666	lcl|JAQAHW010000056.1_mrna_O0L34_g13326_16671
lcl|JAQAHW010000056.1_mrna_O0L34_g13323_16666	lcl|JAQAHW010000056.1_mrna_O0L34_g13326_16672
lcl|JAQAHW010000056.1_mrna_O0L34_g13323_16666	lcl|JAQAHW010000056.1_mrna_O0L34_g13326_16673
lcl|JAQAHW010000056.1_mrna_O0L34_g13323_16666	lcl|JAQAHW010000056.1_mrna_O0L34_g13327_16674
lcl|JAQAHW010000056.1_mrna_O0L34_g13323_16666	lcl|JAQAHW010000056.1_mrna_O0L34_g13328_16675
lcl|JAQAHW010000056.1_mrna_O0L34_g13323_16666	lcl|JAQAHW010000056.1_mrna_O0L34_g13328_16676
lcl|JAQAHW010000056.1_mrna_O0L34_g13323_16666	lcl|JAQAHW010000056.1_mrna_O0L34_g13328_16677
lcl|JAQAHW010000056.1_mrna_O0L34_g13323_16666	lcl|JAQAHW010000056.1_mrna_O0L34_g13329_16678
lcl|JAQAHW010000056.1_mrna_O0L34_g13323_16666	lcl|JAQAHW010000056.1_mrna_O0L34_g13329_16679
lcl|JAQAHW010000032.1_mrna_O0L34_g3661_13740	lcl|JAQAHW010000032.1_mrna_O0L34_g3664_13743
lcl|JAQAHW010000015.1_mrna_O0L34_g12292_8188	lcl|JAQAHW010000022.1_mrna_O0L34_g8165_10974
lcl|JAQAHW010000028.1_mrna_O0L34_g15918_12666	lcl|JAQAHW010000030.1_mrna_O0L34_g10501_13026
lcl|JAQAHW010000003.1_mrna_O0L34_g6789_1993	lcl|JAQAHW010000003.1_mrna_O0L34_g6789_1994
lcl|JAQAHW010000004.1_mrna_O0L34_g4180_2655	lcl|JAQAHW010000004.1_mrna_O0L34_g4181_2656
lcl|JAQAHW010000002.1_mrna_O0L34_g778_1137	lcl|JAQAHW010000052.1_mrna_O0L34_g3400_16255
lcl|JAQAHW010000004.1_mrna_O0L34_g4199_2670	lcl|JAQAHW010000030.1_mrna_O0L34_g10768_13284
lcl|JAQAHW010000032.1_mrna_O0L34_g3645_13728	lcl|JAQAHW010000068.1_mrna_O0L34_g19136_17243
lcl|JAQAHW010000032.1_mrna_O0L34_g3645_13728	lcl|JAQAHW010000070.1_mrna_O0L34_g17496_17298
lcl|JAQAHW010000032.1_mrna_O0L34_g3645_13728	lcl|JAQAHW010000070.1_mrna_O0L34_g17500_17302
lcl|JAQAHW010000031.1_mrna_O0L34_g14527_13335	lcl|JAQAHW010000031.1_mrna_O0L34_g14528_13336
lcl|JAQAHW010000015.1_mrna_O0L34_g12465_8360	lcl|JAQAHW010000031.1_mrna_O0L34_g14545_13354
lcl|JAQAHW010000015.1_mrna_O0L34_g12465_8360	lcl|JAQAHW010000041.1_mrna_O0L34_g6672_15097
lcl|JAQAHW010000050.1_mrna_O0L34_g17777_16094	lcl|JAQAHW010000050.1_mrna_O0L34_g17777_16095
lcl|JAQAHW010000012.1_mrna_O0L34_g9932_7209	lcl|JAQAHW010000012.1_mrna_O0L34_g9934_7211
lcl|JAQAHW010000008.1_mrna_O0L34_g11227_4784	lcl|JAQAHW010000027.1_mrna_O0L34_g2156_12428
lcl|JAQAHW010000032.1_mrna_O0L34_g3684_13758	lcl|JAQAHW010000033.1_mrna_O0L34_g10418_13877
lcl|JAQAHW010000016.1_mrna_O0L34_g5127_9150	lcl|JAQAHW010000035.1_mrna_O0L34_g10232_14184
lcl|JAQAHW010000015.1_mrna_O0L34_g12340_8239	lcl|JAQAHW010000022.1_mrna_O0L34_g8111_10926
lcl|JAQAHW010000012.1_mrna_O0L34_g9573_6868	lcl|JAQAHW010000012.1_mrna_O0L34_g9574_6869
lcl|JAQAHW010000002.1_mrna_O0L34_g781_1140	lcl|JAQAHW010000052.1_mrna_O0L34_g3397_16252
lcl|JAQAHW010000016.1_mrna_O0L34_g4825_8866	lcl|JAQAHW010000016.1_mrna_O0L34_g4826_8867
lcl|JAQAHW010000015.1_mrna_O0L34_g12425_8322	lcl|JAQAHW010000015.1_mrna_O0L34_g12431_8327
lcl|JAQAHW010000076.1_mrna_O0L34_g12965_17397	lcl|JAQAHW010000076.1_mrna_O0L34_g12966_17398
lcl|JAQAHW010000010.1_mrna_O0L34_g6062_5946	lcl|JAQAHW010000010.1_mrna_O0L34_g6062_5947
lcl|JAQAHW010000033.1_mrna_O0L34_g10317_13774	lcl|JAQAHW010000062.1_mrna_O0L34_g14464_16946
lcl|JAQAHW010000025.1_mrna_O0L34_g18873_11859	lcl|JAQAHW010000025.1_mrna_O0L34_g18877_11863
lcl|JAQAHW010000028.1_mrna_O0L34_g16111_12801	lcl|JAQAHW010000028.1_mrna_O0L34_g16116_12806
lcl|JAQAHW010000028.1_mrna_O0L34_g16111_12801	lcl|JAQAHW010000028.1_mrna_O0L34_g16121_12811
lcl|JAQAHW010000028.1_mrna_O0L34_g16111_12801	lcl|JAQAHW010000030.1_mrna_O0L34_g10796_13311
lcl|JAQAHW010000028.1_mrna_O0L34_g16111_12801	lcl|JAQAHW010000030.1_mrna_O0L34_g10801_13316
lcl|JAQAHW010000090.1_mrna_O0L34_g19479_17654	lcl|JAQAHW010000090.1_mrna_O0L34_g19487_17661
lcl|JAQAHW010000024.1_mrna_O0L34_g12231_11690	lcl|JAQAHW010000024.1_mrna_O0L34_g12231_11691
lcl|JAQAHW010000021.1_mrna_O0L34_g18065_10590	lcl|JAQAHW010000021.1_mrna_O0L34_g18065_10591
lcl|JAQAHW010000028.1_mrna_O0L34_g15900_12649	lcl|JAQAHW010000030.1_mrna_O0L34_g10518_13044
lcl|JAQAHW010000030.1_mrna_O0L34_g10781_13296	lcl|JAQAHW010000030.1_mrna_O0L34_g10792_13307
lcl|JAQAHW010000060.1_mrna_O0L34_g17667_16880	lcl|JAQAHW010000065.1_mrna_O0L34_g17816_17138
lcl|JAQAHW010000060.1_mrna_O0L34_g17667_16880	lcl|JAQAHW010000069.1_mrna_O0L34_g17843_17257
lcl|JAQAHW010000053.1_mrna_O0L34_g12016_16358	lcl|JAQAHW010000053.1_mrna_O0L34_g12017_16359
lcl|JAQAHW010000002.1_mrna_O0L34_g833_1189	lcl|JAQAHW010000019.1_mrna_O0L34_g1673_9978
lcl|JAQAHW010000032.1_mrna_O0L34_g3662_13741	lcl|JAQAHW010000032.1_mrna_O0L34_g3663_13742
